Date:,Title:,Views:
43123,2018 Anacortes High School Lip Dub,4600
43033,Anacortes High School Live:Varsity Volleyball v. Lynden-Christian 10/24/17,2800
43993,2020 AHS Senior Awards Ceremony,1700
43813,Anacortes High School Live: TigerHawk Basketball 2019,1500
43078,Anacortes High School Live: TigerHawk 2018: Varsity Girls and Boys Basketball 12/8/2017,1300
43498,Anacortes High School Live:Rock the Island,1300
43029,Anacortes High School Live:Varsity Football v. Bellingham 10/20/17,1100
43022,Anacortes High School Live: Ian Simensen: A Celebration of Life 10/14/17,1100
43135,Anacortes High School Live: Rock the Island 2018,1000
43015,Anacortes High School Live: Homecoming Varsity Football vs. Lakewood - 10/6/2017,994
43218,Anacortes High School Live: Voices - 4/27/18,933
43855,Anacortes High School Live: Rock the Island 2020,903
43998,Cap Sante High School Virtual Commencement,877
43119,Anacortes High School Live: Varsity Girls/Boys Basketball vs. Lakewood,866
43398,Anacortes High School Live: AMS/AHS Choir Concert 10/24/18,865
43134,Anacortes High School Live: Varsity Girls/Boys Basketball vs. Ferndale 2/2/2018,822
43546,Anacortes High School Live: Boys Varsity Soccer v. Sehome 3/21/19,786
43637,Anacortes High School Live: Class of 2019 Graduation,761
43006,Anacortes High School Live: The Rock #1 - 9/28/2017,729
43999,Anacortes Middle School Virtual Moving Up Ceremony,721
43118,Anacortes High School Live: The Rock #13 - 1/18/2018,681
43081,Anacortes High School Live: AHS & AMS Winter Choir Concert,668
43084,Anacortes High School Live: AHS Winter Band Concert,653
43803,Anacortes High School Live: Varsity Boys Basketball v. Cedarcrest 12/3/19,661
43750,Anacortes High School Live: 2019 Homecoming Football vs. Bellingham,644
44000,Anacortes High School Virtual Commencement,610
43726,Anacortes High School Live: Varsity Girls Soccer v. Blaine 9/17/19,599
43839,Anacortes High School Live: AHS Varsity Wrestling v. Squalicum,575
43585,Anacortes High School Live: Boys Varsity Soccer v. Squalicum 4/29/19,532
43732,Anacortes High School Live: Varsity Girls Soccer v. Mt. Baker 9/23/19,514
43071,Anacortes High School Live: Boys Varsity Basketball v. Stanwood - 12/1/17,502
43739,Anacortes High School Live: Varsity Girls Soccer v. Mt. Baker 9/23/19,483
43132,Anacortes High School Live:The Rock #15 - Rock the Island Special - 2/1/2018,480
43083,Anacortes High School Live: The Rock Holiday Special,457
43628,Anacortes High School Live: AHS Spring Choir Concert 6-11-2019,442
43776,Anacortes High School Live: The Rock #2 - 11/7/19,431
43756,Anacortes High School Live: Girls Varsity Soccer v. Lynden,416
43745,Anacortes High School Live: Homecoming 2019 Kickoff Assembly,412
43817,Anacortes High School Live: AHS Choir Holiday Concert,401
43938,Anacortes High School Live: Class of 2020 Update,394
43399,Varsity Football vs. Blaine 10/19/18,397
43174,Anacortes High School Live: The Rock 21 - 3/15/18,390
43874,Anacortes High School Live: Girls Varsity Basketball v. Bellingham,404
43769,Anacortes High School Live: The Rock #1 - 10/31/19,395
43019,Anacortes High School Live:Girls Varsity Soccer vs. Sedro-Woolley - 10/10/2017,371
